machine_id,machine_type,labor_cost,maintain_cost,transport_cost,operation_cost,total_cost,total_area,total_operation_time,maintain_rate_hour,labor_rate_ton,total_distance,travel_liter_rate_km,operate_liter_rate_ton,total_leaf_ton,setup_time,travel_liter,operation_liter,profit_predict,income
M106,Sweeper,8324.400000000001,474.72666666666663,145.62420068297985,3745.98,12690.730867349648,346.85,47.47266666666666,10.0,20.0,24.27070011382997,0.2,0.3,416.22,0.16666666666666666,4.8541400227659945,124.866,416220.0,0.0
M109,Baler,33297.6,1340.55,268.2324013659597,14609.321999999998,49515.70440136596,346.85,44.684999999999995,30.0,80.0,22.352700113829968,0.4,1.17,416.21999999999997,0.25,8.941080045531988,486.97739999999993,416219.99999999994,0.0
M112,Picker,20811.0,595.8,293.3364013659596,4120.5779999999995,25820.714401365956,346.85,29.79,20.0,50.0,24.444700113829967,0.4,0.33,416.21999999999997,0.16666666666666666,9.777880045531987,137.3526,416219.99999999994,0.0
M114,Truck,33297.6,297.9,146.6682006829798,2497.32,36239.48820068298,346.85,29.79,10.0,80.0,24.444700113829967,0.2,0.2,416.21999999999997,0.16666666666666666,4.888940022765993,83.244,416219.99999999994,416219.99999999994
