machine_id,machine_type,labor_cost,maintain_cost,transport_cost,operation_cost,total_cost,total_area,total_operation_time,maintain_rate_hour,labor_rate_ton,total_distance,travel_liter_rate_km,operate_liter_rate_ton,total_leaf_ton,setup_time,travel_liter,operation_liter,income
M41,Sweeper,49440.0,115.5,8515.62862727183,86520.0,144591.12862727183,412.0,23.1,5.0,100.0,121.65183753245472,2.0,5.0,494.4,0.25,243.30367506490944,2472.0,0.0
M42,Baler,24720.0,428.6666666666667,4257.814313635915,17304.0,46710.480980302586,412.0,42.86666666666667,10.0,50.0,121.65183753245472,1.0,1.0,494.4,0.16666666666666666,121.65183753245472,494.4,0.0
M43,Picker,24720.0,214.33333333333334,17031.25725454366,34608.0,76573.590587877,412.0,42.86666666666667,5.0,50.0,121.65183753245472,4.0,2.0,494.4,0.16666666666666666,486.6073501298189,988.8,0.0
M44,Truck,24720.0,214.33333333333334,1064.4535784089787,9690.240000000002,35689.026911742316,412.0,42.86666666666667,5.0,50.0,121.65183753245472,0.25,0.56,494.4,0.0,30.41295938311368,276.86400000000003,494400.0
