machine_id,machine_type,labor_cost,maintain_cost,transport_cost,operation_cost,total_cost,total_area,total_operation_time,maintain_rate_hour,labor_rate_ton,total_distance,travel_liter_rate_km,operate_liter_rate_ton,total_leaf_ton,setup_time,travel_liter,operation_liter,income
M117,Sweeper,2533.44,104.63333333333333,4.7885064101755965,2216.7599999999998,4859.621839743509,105.56,10.463333333333333,10.0,20.0,13.681446886215989,0.01,0.5,126.672,0.16666666666666666,0.1368144688621599,63.336,0.0
M118,Sweeper,0.0,0.0,0.0,0.0,0.0,0.0,0.0,10.0,10.0,0.0,200.0,2.0,0.0,0.16666666666666666,0.0,0.0,0.0
M120,Baler,5225.280000000001,302.15,92.84025640702384,2674.6902,8294.960456407025,54.43000000000001,10.071666666666665,30.0,80.0,6.631446886215989,0.4,1.17,65.316,0.25,2.6525787544863957,76.41972,0.0
M121,Baler,4908.4800000000005,303.23499999999996,211.99310201679515,2684.3250000000003,8108.033102016796,51.13,10.107833333333332,30.0,80.0,12.113891543816866,0.5,1.25,61.356,0.25,6.056945771908433,76.69500000000001,0.0
M123,Picker,4123.56,163.80333333333334,171.65248161343615,680.3874000000001,5139.403214946769,49.09,8.190166666666666,20.0,70.0,12.260891543816866,0.4,0.33,58.908,0.3333333333333333,4.904356617526747,19.43964,0.0
M124,Picker,4065.8400000000006,151.06333333333333,41.406415383160734,782.6742000000002,5040.9839487164945,56.470000000000006,7.553166666666667,20.0,60.0,6.57244688621599,0.18,0.33,67.76400000000001,0.16666666666666666,1.183040439518878,22.362120000000004,0.0
M125,Truck,4712.64,81.90166666666667,85.82624080671808,412.35600000000005,5292.723907473385,49.09,8.190166666666666,10.0,80.0,12.260891543816866,0.2,0.2,58.908,0.16666666666666666,2.4521783087633735,11.781600000000001,58908.0
M126,Truck,5421.120000000001,75.53166666666667,57.50891025438991,403.1958000000001,5957.356376921058,56.470000000000006,7.553166666666667,10.0,80.0,6.57244688621599,0.25,0.17,67.76400000000001,0.16666666666666666,1.6431117215539974,11.519880000000002,67764.00000000001
